X,Y,original_S,original_T,original_N,lat,lon,icon_url
78.96643744,11.75541999,"1",,"A K T Memorial College of Engineering and Technology, NeelamangalamVillage, Kallakurichi District 606202",11.755419990000000,78.966437440000007,./0.png
79.52173008,12.00087133,"2",,"A R Engineering College, Vadakuchipalayam, Kappiyampuliyur Post,Villupuram District 605601",12.000871330000001,79.521730079999998,./0.png
79.45199586,10.66416622,"3",,"A R J College of Engineering and Technology, Mannargudi Taluk, ThiruvarurDistrict 614001",10.664166220000000,79.451995859999997,./0.png
80.02644639,12.79297596,"4",,"A R M College of Engineering and Technology, Sattamangalam,Maraimalainagar, Chengalpattu District 603209",12.792975960000000,80.026446390000004,./0.png
78.122698,11.745888,"5","2636","A V S Engineering College, Military Road, Ammapet, Salem District 636003",11.745888000000001,78.122698000000000,./0.png
79.6929042,11.1047129,"6",,"A V C College of Engineering, Mannampandal Post, MayiladuthuraiDistrict609305",11.104712900000001,79.692904200000001,./0.png
77.80552,9.455114,"7",,"AAA College of Engineering and Technology, Kamarajar Educational Road, Amathur Village, Sivakasi, Virudhunagar District 626005",9.455114000000000,77.805520000000001,./0.png
80.0608495,13.1845331,"8",,"Aalim Muhammed Salegh Academy of Architecture, Muthapudupet, AvadiIAF, Chennai 600055",13.184533099999999,80.060849500000003,./0.png
80.0608495,13.1845331,"9",,"Aalim Muhammed Salegh College of Engineering, Muthapudupet, AvadiIAF, Chennai 600055",13.184533099999999,80.060849500000003,./0.png
80.021772,12.716845,"10","1233","Adhi College of Engineering and Technology, Pazhayaseevaram, Madura
Sankarapuram Village, Kancheepuram District 631605",12.716844999999999,80.021771999999999,./0.png
79.820972,12.437902,"11","1501","Adhiparasakthi College of Engineering, Kalavai, Ranipet District 632506",12.437901999999999,79.820971999999998,./0.png
77.0080556,10.81762188,"12",,"Akshaya College of Engineering and Technology, Kinathukadavu,Coimbatore District 642109",10.817621880000001,77.008055600000006,./0.png
79.820972,12.437902,"13","1401","Adhiparasakthi Engineering College, Melmaruvathur, Chengalpattu District
603319",12.437901999999999,79.820971999999998,./0.png
78.7775022,10.0637695,"14",,"Alagappa Chettiar Government College of Engineering and Technology(Autonomous), Karaikudi, Sivagangai District 630004",10.063769499999999,78.777502200000001,./0.png
77.867502,12.71455,"15","2601","Adhiyamaan College of Engineering (Autonomous), Hosur, Krishnagiri
District 635109",12.714549999999999,77.867502000000002,./0.png
77.76965314,11.24818096,"16",,"AL-Ameen Engineering College (Autonomous), Karundevan Palayam, NanjaiUthukuli Post, Erode District 638104",11.248180959999999,77.769653140000003,./0.png
77.037353,11.076616,"17","2744","Adithya Institute of Technology, Kurumbapalayam Village, Coimbatore
District 641107",11.076616000000000,77.037352999999996,./0.png
78.21062613,9.9721129,"18",,"Angel College of Engineering and Technology, P.K.Palayam, UgayanurVillage, Tirupur District 641 665",9.972112900000001,78.210626129999994,./0.png
80.218721,12.848252,"19","1316","Agni College of Technology (Autonomous), Old Mahabalipuram Road
(OMR), Thalambur Village, Chengalpattu District 603103",12.848252000000000,80.218721000000002,./0.png
79.392075,11.75973,"20",,"Annai Teresa College of Engineering, Thirunavalur, Kallakkurichi District607204",11.759729999999999,79.392075000000006,./0.png
78.63597422,10.81919044,"21","5544","Agni School of Architecture and Design Excellence (ASADE),NH45,Trichy
Road,Morepatty (Post),Vadamadurai (Via),Dindigul District 624 802",10.819190440000000,78.635974219999994,./0.png
77.406113,11.54538,"22","2332","Aishwarya College of Engineering and Technology, Errattaikaradu Paruvachi
Post, Anthiyur (Via), Bhavani Taluk, Erode District 638312",11.545380000000000,77.406113000000005,./0.png
77.56552568,8.149503625,"23",,"Annai Vailankanni College of Engineering, Pothaiyadi Salai, Pottalkulam,Azhagappapuram, Kanyakumari District 629401",8.149503624999999,77.565525679999993,./0.png
78.1879948,11.1905544,"24",,"Annamalai University Faculty of Engineering and Technology,Annamalainagar,Cuddalore",11.190554400000000,78.187994799999998,./0.png
79.00710633,12.37641563,"25",,"Annamalaiar College of Engineering, Modaiyur Village, Polur Taluk, Thiruvannamalai District 606902",12.376415630000000,79.007106329999999,./0.png
80.162749,13.086088,"26","1228","Alpha College of Engineering, No.34, Udayavar Koil Street, Poonamallee,
Thirumazhisai, Chennai",13.086088000000000,80.162749000000005,./0.png
77.2486126,10.9798721,"27",,"Arjun College of Technology, Chettiyakkapalayam, Kinathukadavu,Coimbatore District 642120",10.979872100000000,77.248612600000001,./0.png
80.201463,12.74032,"28","1303","Anand Institute of Higher Technology, Old Mahabalipuram Road (OMR),
Kazhipattur, Chengalpattu District 603103",12.740320000000001,80.201463000000004,./0.png
79.364201,10.779132,"29","3803","Anjalai Ammal Mahalingam Engineering College, Kovilvenni, Thiruvarur
District 614403",10.779132000000001,79.364200999999994,./0.png
76.8860315,11.0420716,"30","2025","Anna University Regional Campus - Coimbatore, Maruthamalai Main Road,
Navavoor Bharathiyar University Post, Somayampalayam, Coimbatore
District 641046",11.042071600000000,76.886031500000001,./0.png
79.05245205,12.22847276,"31",,"Arunai Engineering College, Mathur, Thiruvannamalai District 606603",12.228472760000001,79.052452049999999,./0.png
78.130261,9.936326,"32","5010","Anna University Regional Campus - Madurai, Kanyakumari National
Highway, Keelakuilkudi, Madurai District 625019",9.936325999999999,78.130261000000004,./0.png
77.514156,8.748614,"33","4020","Anna University Regional Campus - Tirunelveli, Trivandrum Road,
Palayamkottai, Tirunelveli District 627007",8.748614000000000,77.514156000000000,./0.png
79.4786294,11.0309656,"34",,"As-Salam College of Engineering and Technology, Thirumangalakudi,Aduthurai, Thiruvidaimaruthur, Thanjavur District 612102",11.030965600000000,79.478629400000003,./0.png
79.169533,10.778895,"35","3849","Annai College of Engineering and Technology, Anakudi Road, Kovilacheri,
Kumbakonam, Thanjavur District 612503",10.778895000000000,79.169533000000001,./0.png
78.72038843,11.52603265,"36",,"AVS College of Technology, Attur Main Road, Near AVS College of Arts &Science, Chinnagoundapuram, Salem District 636106",11.526032649999999,78.720388430000000,./0.png
78.307721,11.15779,"37","2602","Annai Mathammal Sheela Engineering College, Erumapatty Post, Namakkal
District 637013",11.157790000000000,78.307721000000001,./0.png
77.2413556,8.2379238,"38",,"Bethlahem Institute of Engineering, Karungal, Kanyakumari District 629157",8.237923800000003,77.241355600000006,./0.png
79.22960115,12.9439532,"39","1137","Annai Mira College of Engineering and Technology, Arcot Road,
Arappakkam Village, Walaja Taulk, Ranipet District 632 517",12.943953199999999,79.229601149999993,./0.png
77.62251483,10.01405741,"40",,"Bharath Niketan Engineering College, Thimmarasanaickanoor, Aundipatti, Theni District 625536",10.014057409999999,77.622514830000000,./0.png
78.73799913,11.59486309,"41",,"Bharathiyar Institute of Engineering for Women, Deviayakurichi, AtturTaluk, Salem District 636112",11.594863090000000,78.737999130000006,./0.png
80.162749,13.086088,"42","1133","Annai Veilankannis College of Engineering, Gandhi Road, Nedungundram,
Chennai 600048",13.086088000000000,80.162749000000005,./0.png
77.6685273,11.1006199,"43",,"Builders Engineering college, Nathakadaiyur, Erode Road, PalayakottaiVillage, Kangeyam, Tiruppur District 638108",11.100619900000000,77.668527299999994,./0.png
79.2768051,12.91381797,"44",,"C Abdul Hakeem College of Engineering and Technology, Melvisharam,Ranipet District 632509",12.913817970000000,79.276805100000004,./0.png
79.76529048,11.71886719,"45",,"C K College of Engineering and Technology, Chellangkuppam, CuddaloreDistrict 607003",11.718867189999999,79.765290480000004,./0.png
78.122698,11.745888,"46","2648","Annapoorana Engineering College (Autonomous), Sankari Main Road, NH-
47, Periaseeragapadi, Salem District 636308",11.745888000000001,78.122698000000000,./0.png
77.01498308,10.8796051,"47",,"C M S College of Engineering and Technology, Appachigoundenpathy,Kumittipathi Post, Coimbatore District 641032",10.879605099999999,77.014983079999993,./0.png
80.00352399,13.0084895,"48","1230","Apollo Engineering College, Mevaloorkuppam, Valarpuram Post,
Sriperumpudur, Kancheepuram District 602105",13.008489500000000,80.003523990000005,./0.png
77.5037387,8.2303422,"49",,"C S I Institute of Technology, Thovalai, Kanyakumari District 629302",8.230342200000003,77.503738700000000,./0.png
80.185291,13.062325,"50","3804","Arasu Engineering  College, Chennai Main Road, Kumbakonam, Thanjavur
District 612501",13.062325000000000,80.185291000000007,./0.png
78.53154498,10.70914994,"51",,"C.A.R.E School of Architecture, No.27, Thayanur Village, Kuttapatti,Srirangam Taluk, Tiruchirappalli District 620009",10.709149940000000,78.531544980000007,./0.png
80.0430858,13.3118579,"52",,"CAAD-Chennai Academy of Architecture and Design, No.516-2, Kannigaiper, Chennai-Thirupathi Highway, Near Periyapalayam Amman Temple, Chennai 601102",13.311857900000000,80.043085800000000,./0.png
79.75665889,10.6080163,"53","3461","Arifa Institute of Technology(Formly Haji sheik Ismail Engineering College),
Esanoor, Keelaiyur Post, Thirukkuvalai Taluk, Nagapattinam District 611103",10.608016299999999,79.756658889999997,./0.png
77.5726617,8.15302115,"54",,"CAPE Institute of Technology, Levingipuram, Tirunelveli District 627114",8.153021150000002,77.572661699999998,./0.png
78.53154498,10.70914994,"55",,"CARE College of Engineering (Formerly C.A.R.E Group of Institutions),Thayanoor Village, Thayanoor Village, Kuttappatti, Srirangam Taluk, Tiruchirappalli District 620009",10.709149940000000,78.531544980000007,./0.png
77.68159628,9.559344809,"56","4679","Arul Tharum VPMM College of Architecture V.P.M.NAGAR, KRISHNANKOIL
626190",9.559344809000001,77.681596279999994,./0.png
79.364201,10.779132,"57","4979","Arul Tharum VPMM College of Engineering and Technology (Formerly
V.P.Muthaiah Pillai Meenakshi Ammal Engineering College for Women), Krishnakoil,Virudhunagar-626 190",10.779132000000001,79.364200999999994,./0.png
80.2203646,13.0087095,"58",,"Central Institute of Petrochemicals Engineering and Technology (FormerlyCentral Institute of Plastics Engineering and Technology) (CIPET), Guindy, Chennai 600032",13.008709500000000,80.220364599999996,./0.png
79.627723,12.782394,"59","1503","Arulmigu Meenakshi Amman College of Engineering,
Vadamavandal,Thiruvannamalai District",12.782394000000000,79.627723000000003,./0.png
77.831789,10.943086,"60","2356","Arulmurugan College of Engineering, Karvazhi Road, Thennilai Post, Karur
District 639206",10.943085999999999,77.831789000000001,./0.png
77.74339435,10.5018764,"61",,"Christian College of Engineering and Technology, Oddanchatram, DindigulDistrict 624619",10.501876400000000,77.743394350000003,./0.png
76.81612005,10.98127833,"62",,"Coimbatore Institute of Engineering and Technolgoy (Autonomous),Narasipuram Post, Coimbatore District 641109",10.981278330000000,76.816120049999995,./0.png
77.3325949,8.16206263,"63","4944","Arunachala College of Engineering for Women, Thanka Gardens, Manavilai,
Vellichanthai, Nagercoil, Kanyakumari District 629203",8.162062629999999,77.332594900000004,./0.png
80.270186,13.0836939,"64",,"D M I College of Engineering, Palanchoor, Nazrethpet, Chennai 602103",13.083693900000000,80.270185999999995,./0.png
77.4290492,8.1880471,"65","4677",ARUNACHALA HITECH ENGINEERING COLLEGE,8.188047100000000,77.429049199999994,./0.png
80.22918295,12.8144576,"66",,"Da Vinci School of Design and Architecture, Rajiv Gandhi Salai, Karapakkam,Chennai, Chengalpattu District 600097",12.814457600000001,80.229182949999995,./0.png
80.19630869,12.62870096,"67",,"Dhanalakshmi Srinivasan College of Engineering and Technology, East CoastRoad, Poonjeri, Chennai 603104",12.628700960000000,80.196308689999995,./0.png
79.9836371,12.6840886,"68","1423","Asan Memorial College of Engineering and Technology,Chengalpattu-603
001.",12.684088600000001,79.983637099999996,./0.png
76.97564,10.97764,"69","2338","Asian College of Engineering and Technology, Asian College Road,
Kondayampalayam, Near Saravanampatti, Coimbatore District 641110",10.977639999999999,76.975639999999999,./0.png
78.03565166,8.68353135,"70",,"Dr. G U Pope College of Engineering, Sawyerpuram, Thoothukudi District628251",8.683531350000003,78.035651659999999,./0.png
77.0738153,10.6222676,"71",,"Dr. Mahalingam College of Engineering and Technology (Autonomous),Mackinaickenpatti Post, Pollachi Taluk, Coimbatore District 642003",10.622267600000001,77.073815300000007,./0.png
79.8408626,10.81848603,"72",,"E G S Pillay Engineering College (Autonomous), Nagapattinam District611002",10.818486030000001,79.840862599999994,./0.png
79.49220741,11.93879571,"73",,"E. S. College of Engineering and Technology, Chennai Trunk Road,Ayyankoilpattu, Villupuram District 605602",11.938795710000001,79.492207410000006,./0.png
77.7276519,11.3306483,"74","2702","Bannari Amman Institute of Technology (Autonomous), Sathyamanagalam, Erode District 401",11.330648300000000,77.727651899999998,./0.png
76.95360111,10.91331276,"75",,"Easa College of Engineering and Technology (Autonomous), NH-47,Coimbatore-Palakkad Main Road, Navakarai Post, Coimbatore District641105",10.913312760000000,76.953601109999994,./0.png
80.001905,13.131954,"76","1102","Bhajarang Engineering College Near Avadi, Ayathur Village, Veppampattu
(Rs) Thiruvallur Taluk and District Tamilnadu 602024",13.131954000000000,80.001904999999994,./0.png
77.72238405,8.728271496,"77",,"Francis Xavier Engineering College (Autonomous), Vannarpettai, TirunelveliDistrict 627003",8.728271496000000,77.722384050000002,./0.png
79.1311803,12.808214,"78",,"Ganadipathy Tulsis Jain Engineering College, Kaniyambadi, Vellore District632102",12.808214000000000,79.131180299999997,./0.png
78.481752,12.573353,"79","1519","Bharathidasan Engineering College, Nattrampalli Post, Thiruppathur District
635854",12.573352999999999,78.481752000000000,./0.png
79.41584315,12.76929195,"80",,"Global Institute of Engineering and Technology, Bangalore-ChennaiHighway, Melvisharam, Walajah Taluk, Ranipet District 632506",12.769291950000000,79.415843150000001,./0.png
78.14929644,11.38463324,"81",,"Gnanamani College of Technology (Autonomous), Pachal Post, NamakkalDistrict 637018",11.384633239999999,78.149296440000001,./0.png
77.24944735,8.44569305,"82",,"Good Shepherd College of Engineering and Technology, Maruthamparai,Kanyakumari District 629101",8.445693049999999,77.249447349999997,./0.png
78.36766563,12.5270715,"83",,"Government College of Engineering (Autonomous), Bargur, KrishnagiriDistrict 635104",12.527071500000000,78.367665630000005,./0.png
77.726172,8.686503,"84",,"Government College of Engineering (Autonomous), Karuppur, SalemDistrict 636011",8.686503000000000,77.726172000000005,./0.png
77.67604761,11.43379863,"85",,"Government College of Engineering (Formerly Institute of Road andTransport Technology), Vasavi College Post, Erode District 638316",11.433798630000000,77.676047609999998,./0.png
77.35858158,10.00266668,"86",,"Government College of Engineering, Melachokkanathapuram, Bodinayakkanur, Theni District 625582",10.002666680000001,77.358581580000006,./0.png
78.66703782,10.78764064,"87",,"Government College of Engineering, Srirangam, Sethurappatti,Tiruchirappalli District 620012",10.787640639999999,78.667037820000004,./0.png
77.726172,8.686503,"88",,"Government College of Engineering, Tirunelveli District 627007",8.686503000000000,77.726172000000005,./0.png
78.798696,10.085051,"89","5012","Central Electrochemical Research Institute CECRI), Karaikudi, Sivagangai
District 630006",10.085051000000000,78.798696000000007,./0.png
78.12024698,8.730624492,"90",,"Grace College of Engineering, Chandy Nagar, Mullakkadu, ThoothukudiDistrict 628005",8.730624492000000,78.120246980000005,./0.png
78.694469,10.813566,"91","3926","Chendhuran College of Engineering and Technology, Madurai Road,
Lenavilakku, Pilivalam Post, Pudukkottai - 622 507",10.813566000000000,78.694468999999998,./0.png
77.01498308,10.8796051,"92",,"Hindusthan School of Architecture, Othakkalmandabam Post, CoimbatoreDistrict 641032",10.879605099999999,77.014983079999993,./0.png
80.232827,12.904883,"93","1399","Chennai Institute of Technology, Puduper Village, Nandambakkam Post,
Kundrathur, Chennai 600069",12.904883000000000,80.232827000000000,./0.png
77.91555247,8.758412567,"94",,"Holy Cross Engineering College, Vagaikulam, Sri Mulakarai, Srivaikuntam,Thoothukudi District 628851",8.758412567000002,77.915552469999994,./0.png
79.5900633,11.91297634,"95",,"I F E T College of Engineering (Autonomous), Gangarampalayam,Villupuram District 605108",11.912976340000000,79.590063299999997,./0.png
77.58554684,11.10699934,"96","2378",Cheran college of Technology. Kangeyam.,11.106999340000000,77.585546840000006,./0.png
78.034605,10.931153,"97","2630","Chettinad College of Engineering and Technology, NH-67, Trichy Main
Road, Puliyur C F, Karur District 639114",10.931153000000000,78.034604999999999,./0.png
78.87408399,11.63774784,"98",,"Idhaya Engineering College for Women, Chinnasalem, Kallakkurichi District606201",11.637747839999999,78.874083990000003,./0.png
76.97564,10.97764,"99","2650","Christ The King Engineering College, Cecilia Gardens, Chikkarampalayam
Village, Coimbatore District 641104",10.977639999999999,76.975639999999999,./0.png
78.53991825,11.10932745,"100",,"Imayam College of Engineering, Kannanur, Thuraiyur, TiruchirappalliDistrict 621206",11.109327450000000,78.539918249999999,./0.png
78.09715,11.265045,"101","2635","CMS College of Engineering, Emapuram Post, Namakkal District 637003",11.265045000000001,78.097149999999999,./0.png
78.1698764,11.6627734,"102",,"Indian Institute of Handloom Technology, Foulke s Compound, ThillaiNagar, Salem District 636001",11.662773400000001,78.169876400000007,./0.png
78.53154498,10.70914994,"103",,"J J College of Engineering and Technology, Poolankulathupatti Post,Thiruchirappalli District 620009",10.709149940000000,78.531544980000007,./0.png
77.027075,11.02697,"104","2007","Coimbatore Institute of Technology (Autonomous), Civil Aerodrome Post,
Coimbatore District 641014",11.026970000000000,77.027074999999996,./0.png
77.37218913,11.50648337,"105",,"J K K Munirajah College of Technology, T N Palayam, Gobi Taluk, ErodeDistrict 638506",11.506483370000000,77.372189129999995,./0.png
76.728483,11.374444,"106","2705","CSI College of Engineering, Ketti, The Nilgiris 643215",11.374444000000000,76.728482999999997,./0.png
77.74414653,11.46081618,"107",,"J K K Nataraja College of Engineering and Technology, KomarapalayamAmani, Thattankuttai Panchayat, Namakkal District 638183",11.460816180000000,77.744146529999995,./0.png
80.0430858,13.3118579,"108",,"J N N Institute of Engineering (Autonomous), Ushaa Garden, KannigaipairVillage, Uthukottai Taluk, Thiruvallur District 601102",13.311857900000000,80.043085800000000,./0.png
77.399106,8.154448,"109","4946","D M I Engineering College, Aralvaimozhi Village, Thovalai, Kanyakumari
District 629301",8.154448000000000,77.399106000000003,./0.png
77.4525771,10.91685305,"110",,"Jai Shriram Engineering College, Dharapuram Road, Avinashi Palayam,Tiruppur District 638660",10.916853050000000,77.452577099999999,./0.png
77.14913409,11.13953569,"111",,"Jansons Institute of Technology, Karumathampatty, Somaur, CoimbatoreDistrict 641659",11.139535690000001,77.149134090000004,./0.png
79.994976,12.87164,"112","1424","Dhaanish Ahmed College of Engineering, Padappai, Chennai 601301",12.871639999999999,79.994975999999994,./0.png
77.8423458,10.990091,"113",,"Jayalakshmi Institute of Technology, Thoppur, Dharmapuri District 635352",10.990091000000000,77.842345800000004,./0.png
76.97564,10.97764,"114","2349","Dhaanish Ahmed Institute of Technology, Pichanur Post, (Near K G
Chavadi), Coimbatore District 641105",10.977639999999999,76.975639999999999,./0.png
77.551215,8.264914,"115",,"Jayamatha Engineering College, Aralvaimozhi, Kanyakumari District -629301",8.264913999999999,77.551214999999999,./0.png
80.23486565,13.0110983,"116","1405","Dhanalakshmi College of Engineering, Manimangalam, Chennai 601301",13.011098300000000,80.234865650000003,./0.png
77.9550469,8.5639809,"117",,"Jayaraj Annapackiam CSI College of Engineering, Nazareth, ThoothukudiDistrict 628617",8.563980900000002,77.955046899999999,./0.png
78.911218,11.25603,"118","3805","Dhanalakshmi Srinivasan Engineering College (Autonomous), Thuraiyur
Road, Perambalur District 621212",11.256030000000001,78.911218000000005,./0.png
76.961199,10.563006,"119","2743","Dhanalakshmi Srinivasan College of Engineering (CBE), NH47, Palakkad
Main Road, Navakkarai Post, Near Nandhi Temple, Coimbatore District
641105",10.563006000000000,76.961198999999993,./0.png
76.95360111,10.91331276,"120",,"JCT College of Engineering and Technology ( Autonomous ), Pichanur,Coimbatore. 641105.",10.913312760000000,76.953601109999994,./0.png
78.122698,11.745888,"121","2345","Dhirajlal Gandhi College of Technology, Sikkanampatty, (Opp. to Airport), Omalur Taluk, Salem District 636309",11.745888000000001,78.122698000000000,./0.png
78.27069537,9.849618062,"122",,"K L N College of Engineering (Autonomous), Pottapalayam, SivagangaiDistrict 630611",9.849618061999999,78.270695369999999,./0.png
77.122332,11.088505,"123",,"K P R Institute of Engineering and Technology (Autonomous), KollupalayamVillage, Arasur Panchayat, Coimbatore District 641407",11.088505000000000,77.122332000000000,./0.png
77.95970957,9.590605451,"124",,"Kamaraj College of Engineering and Technology (Autonomous),Virudhunagar District 626001",9.590605451000000,77.959709570000001,./0.png
76.97564,10.97764,"125","2736","Dr. N G P Institute of Technology (Autonomous), Kalapatti Road,
Coimbatore District 641035",10.977639999999999,76.975639999999999,./0.png
79.92360545,12.59576713,"126",,"Karpaga Vinayaga College of Engineering and Technology, Palayanoor Post,Maduranthagam Taluk, Chengalpattu District 603308",12.595767130000000,79.923605449999997,./0.png
78.08972082,8.52257855,"127","4954","Dr. Sivanthi Aditanar College of Engineering, Tiruchendur, Thoothukudi
District 628215",8.522578550000000,78.089720819999997,./0.png
79.05003625,10.646374,"128",,"Kings College of Engineering, Punalkulam, Pudukkottai District 613303",10.646374000000000,79.050036250000005,./0.png
77.0984553,10.9950941,"129",,"KIT - Kalaignar Karunanidhi Institute of Technology (Autonomous), Kannampalayam, Coimbatore District 641402",10.995094099999999,77.098455299999998,./0.png
78.010855,11.56277,"130",,"Knowledge Institute of Technology, KIOT Campus, Kakapalayam Post,Salem District 637504",11.562770000000000,78.010855000000006,./0.png
78.3354402,10.9891847,"131",,"Kongunadu College of Engineering and Technology (Autonomous),Tholurpatti, Thottiyam, Tiruchirappalli District 621215",10.989184699999999,78.335440199999994,./0.png
80.216903,13.021064,"132","1304","Easwari Engineering College (Autonomous), Ramapuram, Chennai 600089",13.021064000000001,80.216903000000002,./0.png
77.612151,8.781923,"133","4980","Einstein College of Engineering, Seethaparpanallur, Tirunelveli District
627012",8.781923000000003,77.612150999999997,./0.png
77.4957539,8.18413195,"134",,"Lord Jegannath College of Engineering and Technology, Kumarapuram, Thoppur Post, Kanyakumari District 629402",8.184131949999999,77.495753899999997,./0.png
77.826319,12.7335,"135","2621","Er. Perumal Manimekalai College of Engineering, Near Koneripalli, Hosur,
Krishnagiri District 635117",12.733499999999999,77.826318999999998,./0.png
80.2337307,13.0592368,"136",,"Loyola ICAM College of Engineering and Technology, Loyola CollegeCampus, Nungambakkam, Chennai 600034",13.059236800000001,80.233730699999995,./0.png
77.550342,11.313733,"137","2707","Erode Sengunthar Engineering College (Autonomous), Thudupathi Post,
Erode District 638057",11.313732999999999,77.550342000000001,./0.png
77.5037387,8.2303422,"138",,"Loyola Institute of Technology and Science, Loyola Nagar,  P B No.2,Thovalai, Kanyakumari District 629302",8.230342200000003,77.503738700000000,./0.png
77.8280076,11.807565,"139","2667","Excel College of Architecture and Planning, NH-544, Salem Main Road,
Pallakapalayam, Sankari West Post, Komarapalayam Taluk, Namakkal
District 637303",11.807565000000000,77.828007600000007,./0.png
80.163413,13.073144,"140",,"Loyola Institute of Technology, Mevaloorkuppam, B Village, Palanchoor,Nazarethpet Post, Chennai 600123",13.073143999999999,80.163413000000006,./0.png
77.8280076,11.807565,"141","2634","Excel Engineering College (Autonomous), NH-544, Salem Main Road,
Pallakapalayam, Sankari West Post, Komarapalayam Taluk, Namakkal
District - 637303",11.807565000000000,77.828007600000007,./0.png
77.5037387,8.2303422,"142",,"M E T Engineering College, Mogals Garden, Thovalai Village, AralvaimozhiTown Panchayat, Thovalai, Kanyakumari District 629304",8.230342200000003,77.503738700000000,./0.png
78.1480993,9.9326914,"143","5935","Fatima Michael College of Engineering and Technology, Sengottai Village,
Sivagangai Main Road, Madurai District 625020",9.932691400000000,78.148099299999998,./0.png
77.66910678,11.26106427,"144",,"M P Nachimuthu M Jaganathan Engineering College, Chennimalai, ErodeDistrict 638112",11.261064270000000,77.669106780000007,./0.png
80.162749,13.086088,"145","1407","G K M College of Engineering and Technology, Alappakkam-Mappedu
Road, Chennai 600063",13.086088000000000,80.162749000000005,./0.png
78.76023727,10.95854572,"146",,"M.A.M. School of Engineering, Siruganur, Tiruchirappalli District 621105",10.958545720000000,78.760237270000005,./0.png
80.107034,13.312609,"147","1238","G R T Institute of Engineering and Technology, GRT Mahalakshmi Nagar, Chennai-Tirupathi Highway, Tiruttani Taluk, Thiruvallur District 631209",13.312609000000000,80.107033999999999,./0.png
78.27069537,9.849618062,"148",,"Madurai Institute of Engineering and Technology, Pottapalayam Village,Manamadurai Taluk, Sivagangai District 630611",9.849618061999999,78.270695369999999,./0.png
78.87408399,11.63774784,"149",,"Maha Bharathi Engineering College, A Vasudevanur, Chinnasalem,Kallakurichi District 606201",11.637747839999999,78.874083990000003,./0.png
78.56384991,9.487699507,"150","5924","Ganapathy Chettiar College of Engineering and Technology, Melakavanur
Post, Paramakudi, Ramanathapuram District 623706",9.487699507000000,78.563849910000002,./0.png
78.122698,11.745888,"151","2341","Ganesh College of Engineering, Attur Main Road, Mettupatti, Salem District
636111",11.745888000000001,78.122698000000000,./0.png
77.94805795,11.36484395,"152",,"Mahendra Engineering College for Women, Kumaramangalam, NamakkalDistrict 637205",11.364843949999999,77.948057950000006,./0.png
79.64835745,12.1066859,"153",,"Mailam Engineering College, Mailam, Villupuram District 604304",12.106685900000000,79.648357450000006,./0.png
78.76023727,10.95854572,"154",,"MAM College of Engineering, Siruganur, Tiruchirappalli District 621105",10.958545720000000,78.760237270000005,./0.png
80.243197,13.012637,"155","1123","Gojan School of Business and Technology, Alamathi, Chennai 600062",13.012637000000000,80.243196999999995,./0.png
79.99376348,12.35308255,"156",,"MARG Instiute of Design & Architecture Swarnabhoomi (MIDAS), MargSwarnabhoomi, Velur Village, Cheyyur Post, Chengalpattu District 603302",12.353082550000000,79.993763479999998,./0.png
77.2836413,8.3397375,"157",,"Maria College of Engineering and Technology, Attoor PuliyamooduJunction, Thiruvattar Post, Kanyakumari District 629177",8.339737500000000,77.283641299999999,./0.png
80.24217363,12.95788859,"158",,"Misrimal Navajee Munoth Jain School of Architecture, Rajiv Gandhi Salai(OMR), Thoraipakkam, Chengalpattu 600096",12.957888590000000,80.242173629999996,./0.png
77.726172,8.686503,"159","2369","Government College of Engineering, Chettikkarai Post, Dharmapuri District
635704",8.686503000000000,77.726172000000005,./0.png
78.979405,10.692798,"160","3464","Government College of Engineering, Gandarvakottai Road, Sengipatti,
Thanjavur District 613402",10.692798000000000,78.979405000000000,./0.png
80.21906146,12.81520037,"161",,"Mohamed Sathak A.J. Academy of Architecture, No.34, Old MahabalipuramRoad (OMR), Chengalpattu District 603103",12.815200369999999,80.219061460000006,./0.png
80.22497835,12.83775821,"162",,"Mohammed Sathak A J College of Engineering, Old Mahabalipuram Road(OMR), Egattur, Chengalpattu District 603103",12.837758210000001,80.224978350000001,./0.png
78.6462277,10.47616913,"163",,"Mother Terasa College of Engineering and Technology, Mettusalai Post andTaluk, Pudukkottai District 622102",10.476169130000001,78.646227699999997,./0.png
78.73888477,10.24351607,"164",,"Mount Zion College of Engineering and Technology, Pilivalam Post, Pudukkottai District 622507",10.243516070000000,78.738884769999999,./0.png
76.97564,10.97764,"165","2005","Government College of Technology (Autonomous), Thadagam Road, Coimbatore District 641013",10.977639999999999,76.975639999999999,./0.png
78.18754461,11.44443523,"166",,"Muthayammal Engineering College (Autonomous), Rasipuram, NamakkalDistrict 637408",11.444435230000000,78.187544610000003,./0.png
78.22265694,10.21118618,"167",,"N P R College of Engineering and Technology, Natham, Dindigul District624401",10.211186180000000,78.222656939999993,./0.png
76.97564,10.97764,"168","2708","Hindusthan College of Engineering and Technology (Autonomous),
Othakkalmandapam Post, Coimbatore District 641032",10.977639999999999,76.975639999999999,./0.png
77.4836206,10.01404545,"169",,"Nadar Saraswathi College of Engineering and Technology, Vadupudupatti,Annanji Post, Theni District 625531",10.014045449999999,77.483620599999995,./0.png
77.259109,8.327287,"170",,"Narayanaguru College of Engineering, Manjalumoodu, Kanyakumari District629151",8.327287000000000,77.259108999999995,./0.png
76.978606,11.045692,"171","2740","Hindusthan Institute of Technology (Autonomous), Othakkalmandapam,
Coimbatore District 032",11.045692000000001,76.978605999999999,./0.png
76.979671,10.908421,"172",,"Nehru Institute of Technology, Thirumalayampalayam Post, CoimbatoreDistrict 641105",10.908421000000001,76.979670999999996,./0.png
79.08979928,11.14194361,"173",,"Nelliandavar Institute of Technology, Nerunjikorai Village, Pudhupalayam,Ariyalur Taluk, Ariyalur District 621704",11.141943610000000,79.089799279999994,./0.png
79.1266521,12.51186883,"174",,"Oxford College of Engineering, Venmani Village, Karaipoondi Post, PolurTaluk, Thiruvannamalai District 606803",12.511868829999999,79.126652100000001,./0.png
79.9763516,12.9708398,"175",,"P B College of Engineering, Irungkattukottai, Sriperumpudur Taluk,Kancheepuram District 602117",12.970839800000000,79.976351600000001,./0.png
78.0409028,11.16438796,"176",,"P G P College of Engineering and Technology, Paramathi Post, NamakkalDistrict 637207",11.164387960000001,78.040902799999998,./0.png
77.24055177,8.279681683,"177","4932","Immanuel Arasar J.J. College of Engineering, Edavilagam, Nattalam,
Marthandam, Kanyakumari-629165",8.279681683000000,77.240551769999996,./0.png
80.107034,13.312609,"178","1229","Indira Institute of Engineering and Technology, VGR Gardens, Pandur,
Thiruvallur District 631203",13.312609000000000,80.107033999999999,./0.png
78.641912,10.744164,"179","3831","Indra Ganesan College of Engineering, Madurai Main Road, Manikandam,
Tiruchirappalli District 620012",10.744164000000000,78.641912000000005,./0.png
77.14913409,11.13953569,"180",,"Park College of Engineering and Technology, Kaniyur, Coimbatore District641659",11.139535690000001,77.149134090000004,./0.png
78.093693,9.758426,"181","4976","Infant Jesus College of Engineering, Thoothukudi Highway (NH7/A),
Thoothukudi District 628851",9.758426000000000,78.093693000000002,./0.png
77.179522,11.099749,"182",,"Park College of Technology, Prema Ravi Nagar, Karumathampatti,Coimbatore - 641 659",11.099748999999999,77.179522000000006,./0.png
77.07571,11.039968,"183","2732","Info Institute of Engineering, Sarkar Samakulam, Coimbatore District
641107",11.039968000000000,77.075710000000001,./0.png
78.56640205,12.49595427,"184",,"Podhigai College of Engineering and Technology, Vinayakapuram, AdiyurPost, Tirupattur District 635601",12.495954270000000,78.566402049999994,./0.png
79.76873627,10.7703785,"185",,"Prime College of Architecture and Planning, Main Road, Kilvelur, Nagapattinam District 611104",10.770378500000000,79.768736270000005,./0.png
80.12598309,12.92308562,"186",,"Prince Shri Venkateshwara Padmavathy Engineering College, Ponmar,Chennai 600048",12.923085620000000,80.125983090000005,./0.png
77.087017,11.061443,"187",,"PSG Institute Of Architecture And Planning, PSGITECH CAMPUS, AVINASHI ROA, NEELAMBUR 641062",11.061443000000001,77.087017000000003,./0.png
80.243838,13.066062,"188","4994","J P College of Engineering, College Road, Ayakudy, Tenkasi Taluk, Tenkasi
District 627852",13.066062000000001,80.243837999999997,./0.png
77.82773,10.400544,"189","5537","Jainee College of Engineering and Technology, Dindigul-Theni Main Road
(Near Vakkampatti), Dindigul District 624303",10.400544000000000,77.827730000000003,./0.png
80.1392999,13.363305,"190",,"R M D Engineering College (Autonomous), Kavaraipettai, Gummidipoondi,Thiruvallur District 601206",13.363305000000000,80.139299899999997,./0.png
80.19610091,12.75218945,"191","2350","Jairupaa College of Engineering, Thottiapalayam, Kathankanni Post, Kangayam, Tiruppur District 641 604",12.752189449999999,80.196100909999998,./0.png
80.1444903,13.3354813,"192",,"R M K College of Engineering and Technology (Autonomous), Puduvoyal,Gummidipoondi Taluk, Thiruvallur District 601206",13.335481300000000,80.144490300000001,./0.png
80.1392999,13.363305,"193",,"R M K Engineering College (Autonomous), Kavaraipettai, Gummidipoondi,Thiruvallur District 601206",13.363305000000000,80.139299899999997,./0.png
80.162749,13.086088,"194","1221","Jaya College of Engineering and Technology, Parivakkam, Poonamallee,
Chennai 600056",13.086088000000000,80.162749000000005,./0.png
78.0892487,11.8209734,"195",,"R P Sarathy Institute of Technology, Poosaripatty Village, Omalur Taluk,Salem District 636305",11.820973400000000,78.089248699999999,./0.png
80.23486565,13.0110983,"196","1106","Jaya Engineering College, Thirunindravur, Chennai 602024",13.011098300000000,80.234865650000003,./0.png
79.646169,13.195184,"197","1107","Jaya Institute of Technology, Kanchipadi Post, Thiruvallur-Tiruttani NH
Road, Thiruvallur District 631204",13.195183999999999,79.646169000000000,./0.png
76.947717,11.221495,"198","1416","Jaya Sakthi Engineering College, Thirunindravur, Chennai 602024",11.221495000000001,76.947716999999997,./0.png
79.95126704,12.96395942,"199",,"Rajalakshmi School of Architecture, Thandalam, Sriperumpudur Taluk,Kancheepuram District 602105",12.963959420000000,79.951267040000005,./0.png
80.239932,13.007981,"200","1129","Jaya School of Architecture, Poonamallee By-Pass Road, Poonamallee,
Chennai 600 056",13.007980999999999,80.239931999999996,./0.png
79.95126704,12.96395942,"201",,"Rajiv Gandhi College of Engineering, Nemili, Sriperumpudur Taluk,Kancheepuram District 602105",12.963959420000000,79.951267040000005,./0.png
77.5542849,9.4456102,"202",,"Ramco Institute of Technology, North venganallur Village, KrishnapuramPanchayat, Rajapalayam, Virudhunagar District 626117",9.445610200000001,77.554284899999999,./0.png
79.36246822,12.92573235,"203",,"Ranipettai Engineering College, Thenkadappanthangal, Ranipet District632513",12.925732350000001,79.362468219999997,./0.png
77.8026993,9.3728044,"204",,"Renganayagi Varatharaj College of Engineering, Salvarpatti, Sivakasi, Virudhunagar District 626128",9.372804400000000,77.802699300000000,./0.png
78.87374108,11.23591575,"205",,"Roever Engineering College, Elambalur, Perambalur District 621212",11.235915750000000,78.873741080000002,./0.png
78.60128953,11.07483113,"206","3808","Jayaram College of Engineering and Technology, Karattampatti, Pagalavadi
Po,Thuraivur, Trichy-621014",11.074831130000000,78.601289530000003,./0.png
79.13569693,12.24723405,"207",,"S K P Engineering College, Thiruvannamalai District 606611",12.247234049999999,79.135696929999995,./0.png
77.74414653,11.46081618,"208",,"S S M College of Engineering, Komarapalayam, Namakkal District 638183",11.460816180000000,77.744146529999995,./0.png
79.68687817,12.90076382,"209","1235","Jei Mathaajee College of Engineering, Vishaandikuppam,Karappettai (via),
Siruvakkam, Kancheepuram District 631 552",12.900763820000000,79.686878170000000,./0.png
80.22055,12.866215,"210","1306","Jeppiaar Engineering College, Old Mahabalipuram Road (OMR), Chennai
600119",12.866215000000000,80.220550000000003,./0.png
77.39995516,9.176571085,"211",,"S Veerasamy Chettiar College of Engineering and Technology, PuliangudiPost, Tenkasi District 627855",9.176571085000001,77.399955160000005,./0.png
80.22912694,12.79929305,"212","1140","Jeppiaar Institute of Technology,kunnam Village,Sriperumpudur
Taulk,Kancheepuram District 631604",12.799293049999999,80.229126940000000,./0.png
78.23340193,10.054447,"213",,"SACS-M A V M M Engineering College, Kidaripatty Post, Madurai District625301",10.054447000000000,78.233401929999999,./0.png
80.207501,12.945498,"214","1307","Jerusalem College of Engineering (Autonomous), Narayanapuram,
Pallikaranai, Chennai 600 100",12.945498000000001,80.207500999999993,./0.png
78.193579,12.2536553,"215",,"Sapthagiri College of Engineering, Periyanahalli Post, Dharmapuri District635205",12.253655300000000,78.193579000000000,./0.png
80.162749,13.086088,"216","1311","K C G College of Technology(Autonomous), Karappakkam, Chennai 600096",13.086088000000000,80.162749000000005,./0.png
79.6869504,12.2664692,"217",,"Saraswathy College of Engineering and Technology, NH-45, Main Road,Olakkur, Tindivanam Taluk, Villupuram District 604307",12.266469200000000,79.686950400000001,./0.png
77.39434172,8.914028905,"218",,"Sardar Raja College of Engineering, Alangulam, Tenkasi District 627808",8.914028905000000,77.394341720000000,./0.png
77.4940118,11.23957072,"219",,"Sasurie College of Engineering, Vijayamangalam, Tiruppur District 638056",11.239570720000000,77.494011799999996,./0.png
78.528657,11.066016,"220","3830","K Ramakrishnan College of Engineering (Autonomous), Kariyamanickam
Road, Samayapuram, Manachanallur Taluk, Tiruchirappalli District 621112",11.066015999999999,78.528656999999995,./0.png
78.528657,11.066016,"221","3701","K Ramakrishnan College of Technology (Autonomous), Kariyamanickam
Road, Samayapuram, Manachanallur Taluk, Tiruchirappalli District 621112",11.066015999999999,78.528656999999995,./0.png
77.567489,8.654286663,"222",,"SCAD College of Engineering and Technology, Cheranmahadevi, TirunelveliDistrict 627414",8.654286663000002,77.567488999999995,./0.png
79.38897,10.963625,"223","3456","K S K College of Engineering and Technology, Thanjavur Main Road,
Darasuram, Kumbakonam, Thanjavur District 612702",10.963625000000000,79.388970000000000,./0.png
79.34575,10.946287,"224","2613","K S R College of Engineering (Autonomous), Tiruchengode, Namakkal
District 637215",10.946287000000000,79.345749999999995,./0.png
77.82878,11.358199,"225","2607","K S Rangasamy College of Technology (Autonomous), Tiruchengode,
Namakkal District 637215",11.358199000000001,77.828779999999995,./0.png
77.91742288,11.47643425,"226",,"Shree Sathyam College of Engineering and Technology, NH-47,Manjakkalpatti, Kuppanur Post, Sankari Taluk, Salem District 637301",11.476434250000001,77.917422880000004,./0.png
77.57158963,11.43450667,"227",,"Shree Venkateshwara Hi-Tech Engineering College, Othakuthirai, KMettupalayam Post, Gobichettipalayam, Erode District 638455",11.434506669999999,77.571589630000005,./0.png
78.765894,10.089338,"228","5533","Karaikudi Institute of Technology and Karaikudi Institute of Management,
KIT & KIM Technical Campus, Keeranipatti, Thalakkuvur, Karaikudi, Sivagangai District 630307",10.089338000000000,78.765894000000003,./0.png
77.21945794,8.36670095,"229",,"Sigma College of Architecture, Moododu, Anucode Post, Marthandam,Kanyakumari District 629168",8.366700950000000,77.219457939999998,./0.png
79.15939431,12.9709447,"230",,"Sir Issac Newton College of Engineering and Technology, AnthanapeetaiPost, Papakoil, Nagappattinam District 611102",12.970944700000000,79.159394309999996,./0.png
76.97564,10.97764,"231","2710","Karpagam College of Engineering (Autonomous), Othakkalmandapam,
Coimbatore District 641032",10.977639999999999,76.975639999999999,./0.png
79.15939431,12.9709447,"232",,"Sivaji College of Engineering and Technology, Manivilla Palulai Panchayat,Vilavancode, Kanyakumari District 629171",12.970944700000000,79.159394309999996,./0.png
76.97564,10.97764,"233","2735","Karpagam Institute of Technology, Seerapalayam Village, L&T By pass Road,
Coimbatore District 641021",10.977639999999999,76.975639999999999,./0.png
77.00245515,11.07399324,"234",,"SNS College of Technology (Autonomous), Kalappatti Post, CoimbatoreDistrict 641035",11.073993240000000,77.002455150000003,./0.png
77.0545,11.047671,"235","2745","Kathir College of Engineering, Neelambur, Avinashi Road, Coimbatore
District 641062",11.047670999999999,77.054500000000004,./0.png
78.12776122,11.67039352,"236",,"Sona College of Technology (Autonomous), Suramangalam Post, SalemDistrict 636005",11.670393519999999,78.127761219999996,./0.png
77.004487,11.076425,"237","2751","KGISL Institute of Technology, KGISL Campus, Thudiyalur Road,
Saravanampatti, Coimbatore District 641035",11.076425000000000,77.004486999999997,./0.png
78.9908891,12.8780114,"238",,"Sree Krishna College of Engineering, Anaicut Post, Unnai Village, VelloreDistrict 632101",12.878011400000000,78.990889100000004,./0.png
80.2742231,13.2068783,"239",,"Sree Sastha Institute of Engineering and Technology, Chembarambakkam,Chennai 600103",13.206878300000000,80.274223100000000,./0.png
80.00352399,13.0084895,"240","1207","Kings Engineering College, Sriperumpudur Taluk, Kancheepuram District
602105",13.008489500000000,80.003523990000005,./0.png
79.2911546,12.6965426,"241",,"Sri Balaji Chockalingam Engineering College, Arni, Thiruvannamalai District632317",12.696542600000001,79.291154599999999,./0.png
78.905993,12.855497,"242","1520","Kingston Engineering College, Chithoor Main Road, Christianpet Village, Katpadi Taluk, Vellore District 632059",12.855497000000000,78.905992999999995,./0.png
78.937396,10.4123898,"243",,"Sri Bharathi Engineering College for Women, Kaikkuruchi Village, AlangudiTaluk, Pudukkottai District 622303",10.412389800000000,78.937396000000007,./0.png
80.1158917,13.4589636,"244",,"Sri Jayaram Institute of Engineering and Technology, 51 N, Elavur, 58N,Natham, Gummidipoondi Taluk, Thiruvallur District 601201",13.458963600000001,80.115891700000006,./0.png
76.9565931,10.9664454,"245",,"Sri Krishna College of Enginering and Technology (Autonomous) , Kuniamuthur, Coimbatore District 641008",10.966445400000000,76.956593100000006,./0.png
77.604,11.272179,"246","2711","Kongu Engineering College (Autonomous), Perundurai, Erode District
638052",11.272179000000000,77.603999999999999,./0.png
80.01001684,12.87683528,"247",,"Sri Krishna Institute of Technology, Panapakkam, Padappai,  Chennai601301",12.876835280000000,80.010016840000006,./0.png
77.7335,11.331921,"248","2344","Kongu School of Architecture, Kongu Engineering College
Campus,Perundurai Railway Station Road, Thoppupalayam (Post), Perundurai,Erode District 638052",11.331920999999999,77.733500000000006,./0.png
80.05376166,12.96074615,"249",,"Sri Muthukumaran Institute of Technology, Near Mangadu, Chennai600069",12.960746150000000,80.053761660000006,./0.png
78.123755,11.672387,"250",,"Sri Raajaraajan College of Engineering & Technology, Amaravathi Village,Amaravathi Pudur Post, Karaikudi, Sivagangai District 630301",11.672387000000001,78.123755000000003,./0.png
79.32956885,12.19576295,"251",,"Sri Rangapoopathi College of Engineering, Alampoondi Village, Gingee,Villupuram District 604151",12.195762950000001,79.329568850000001,./0.png
79.7135315,11.76875358,"252","3410","Krishnasamy College of Engineering and Technology, S Kumarapuram,
Cuddalore District 607109",11.768753580000000,79.713531500000002,./0.png
76.9895628,11.0778243,"253","2712","Kumaraguru College of Technology (Autonomous), Chinnavedampatti Post,
Coimbatore District 641006",11.077824300000000,76.989562800000002,./0.png
76.81612005,10.98127833,"254",,"Sri Sai Ranganathan Engineering College, Zahirnaickenpalayam Village,Viraliyur Post, Thondamuthur Via, Coimbatore District 641109",10.981278330000000,76.816120049999995,./0.png
77.888221,9.855236,"255","5990","Latha Mathavan Engineering College, Kidaripatti Post, Alagarkoil (Via),
Melur Taluk, Madurai District 625301",9.855236000000000,77.888221000000001,./0.png
77.07078022,11.06628081,"256",,"Sri Shakthi Institute of Engineering and Technology (Autonomous), L&TBye-Pass, Venkitapuram Post, Comibatore District 641062",11.066280810000000,77.070780220000003,./0.png
79.86731275,13.1213448,"257",,"Sri Venkateswara College of Engineering and Technology, Thirupachur,Thiruvallur District 631203",13.121344799999999,79.867312749999996,./0.png
79.86731275,13.1213448,"258",,"Sri Venkateswara Institute of Science and Technology, Kozhundalur, Thiruvallur District 631203",13.121344799999999,79.867312749999996,./0.png
78.834708,10.367863,"259","3811","M I E T Engineering College, Trichy-Pudukkottai Road, Tiruchirappalli
District 620007",10.367863000000000,78.834708000000006,./0.png
80.03891695,12.81527446,"260",,"SRM Valliammai Engineering College (Autonomous), Kattankulathur,Chennai 603203",12.815274459999999,80.038916950000001,./0.png
78.048539,11.054526,"261","2608","M Kumarasamy College of Engineering (Autonomous), Thalavapalayam,
Karur District 639113",11.054525999999999,78.048539000000005,./0.png
77.9264254,10.33860815,"262",,"SSM Institute of Engineering and Technology, Kuttathupatti Village, Sindalaigundu Post, Dindigul District 624002",10.338608150000001,77.926425399999999,./0.png
79.5518978,11.7722823,"263",,"St. Anne s College of Engineering and Technology, Anguchettypalayam,Siruvathur Post, Panruti, Cuddalore District 607110",11.772282300000001,79.551897800000006,./0.png
78.8982645,10.31676421,"264","3923","M N S K College of Engineering, Vallathirakkottai Post, Pudukkottai District
622305",10.316764210000001,78.898264499999996,./0.png
79.95126704,12.96395942,"265",,"St. Joseph College of Engineering, Trinity Campus, Nemili, SriperumpudurTaluk, Kancheepuram District 602105",12.963959420000000,79.951267040000005,./0.png
79.058244,12.893713,"266","3843","M R K Institute of Technology, Nattarmangalam Village, Kattumannarkoil,
Cuddalore District 608306",12.893713000000000,79.058244000000002,./0.png
79.06439559,10.72113019,"267",,"St. Joseph s College of Engineering and Technology, Elupatti Village,Rawaspatti Post, Thanjavur District 613403",10.721130190000000,79.064395590000004,./0.png
78.793742,11.013129,"268","3829","M.A.M. College of Engineering and Technology, Trichy-Chennai Trunk Road,
Siruganur, Tiruchirappalli District 621105",11.013128999999999,78.793741999999995,./0.png
78.793742,11.013129,"269","3783","M.A.M. School of Architecture, Trichy-Chennai Trunk Road, Siruganur,
Tiruchirappalli District 621105",11.013128999999999,78.793741999999995,./0.png
78.63816821,9.845600224,"270",,"St. Michael College of Engineering and Technology, Kalayarkoil, SivagangaiDistrict 630551",9.845600224000000,78.638168210000003,./0.png
80.085978,12.993573,"271","1411","Madha Engineering College, Kundrathur, Chennai 600069",12.993573000000000,80.085977999999997,./0.png
77.3176199,8.1297376,"272",,"Stella Mary s College of Engineering, Arunthengan Vilai, Azhikal Post,Kanyakumari District 629202",8.129737600000000,77.317619899999997,./0.png
77.319129,8.166032,"273",,"Sun College of Engineering and Technology, Ammandivilai & Post, Kanyakumari District - 629204",8.166032000000000,77.319129000000004,./0.png
80.1392999,13.363305,"274",,"T J S Engineering College, Peruvoyal, Near Kavaraipettai, GummidipoondiTaluk, Thiruvallur District 601206",13.363305000000000,80.139299899999997,./0.png
77.37493755,9.274838893,"275","4998","Mahakavi Bharathiyar College of Engineering and Technology,
Vasudevanallur, Tenkasi District",9.274838893000000,77.374937549999999,./0.png
78.886883,10.422521,"276","3854","Mahath Amma Institute of Engineering and Technology (MIET), Ariyur,
Annavasal Road, Illupur Taluk, Pudukkottai District 622101",10.422521000000000,78.886882999999997,./0.png
78.87408399,11.63774784,"277",,"T S M Jain College of Technology, Melur Village, Kallakurichi District 606201",11.637747839999999,78.874083990000003,./0.png
78.122698,11.745888,"278","2623","Mahendra College of Engineering, Attur Road, Minnampalli, Valapady,
Salem District 636106",11.745888000000001,78.122698000000000,./0.png
77.14913409,11.13953569,"279",,"Tamilnadu College of Engineering, Karumathampatti Post, CoimbatoreDistrict 641659",11.139535690000001,77.149134090000004,./0.png
78.26413,11.667254,"280","2609","Mahendra Engineering College (Autonomous), Mahendhirapuri, Mallasamudram, Namakkal District 637503",11.667254000000000,78.264129999999994,./0.png
77.14913409,11.13953569,"281",,"Tamilnadu School of Architecture, Tamilnadu College of EngineeringCampus, Karumathampatti Post, Coimbatore District 641659",11.139535690000001,77.149134090000004,./0.png
77.70301682,8.749865317,"282",,"Thamirabharani Engineering College, Chathirampudukulam Village,Thatchanallur, Tirunelveli District 627358",8.749865316999999,77.703016820000002,./0.png
78.003869,11.477873,"283","2632","Mahendra Institute of Technology (Autonomous), Mahendhirapuri,
Mallasamudram, Namakkal District 637503",11.477873000000001,78.003868999999995,./0.png
79.1279817,12.88674893,"284",,"Thanthai Periyar Government Institute of Technology, Bagayam, VelloreDistrict 632002",12.886748930000000,79.127981700000007,./0.png
78.08172278,9.880621921,"285",,"Thiagarajar College of Engineering (Autonomous),Tirupparankundram, Madurai District 625015",9.880621920999999,78.081722780000007,./0.png
79.60716343,12.86588737,"286",,"Thirumalai Engineering College, Kilambi, Kancheepuram District 631551",12.865887369999999,79.607163430000000,./0.png
78.0667,9.96453,"287","5536","Mangayarkarasi College of Engineering, First Street, Mangayarkarasi Nagar,
Paravai, Madurai District 625402",9.964530000000000,78.066699999999997,./0.png
77.21970063,8.277066247,"288","4928","MAR Ephraem College of Engineering & Technology, Malankara Hills,
Elavuvillai, Marthandam, Kanyakumari District 629171",8.277066247000000,77.219700630000006,./0.png
77.319129,8.166032,"289",,"Udaya School of Engineering, Ammandivilai Post, Kanyakumari District629204",8.166032000000000,77.319129000000004,./0.png
79.08979928,11.14194361,"290",,"University College of Engineering, Ariyalur, Kathankudikadu Village, ThelurPost, Ariyalur District 621704",11.141943610000000,79.089799279999994,./0.png
76.69521,11.4134,"291","2759","McGan s Ooty School of Architecture, 5/635, Perar, Kothagiri Road, Mynala
Post, Ooty, The Nilgiris 643002",11.413399999999999,76.695210000000003,./0.png
80.2713496,13.05323801,"292","1308","Measi Academy of Architecture, ""Association Gardens"" 87, Peters Road,
Royapettah, Chennai 600 014",13.053238009999999,80.271349599999994,./0.png
80.162749,13.086088,"293","1509","Meenakshi College of Engineering, Vembuliamman Koil Street, K K Nagar
(West), Chennai 600078",13.086088000000000,80.162749000000005,./0.png
79.65950361,12.2619975,"294",,"University College of Engineering, Tindivanam, Melpakkam, Tindivanam,Villupuram District 604001",12.261997500000000,79.659503610000002,./0.png
79.293087,11.18613,"295","3857","Meenakshi Ramaswamy Engineering College, Trichy Main Road,
Thathanur, Udayarpalayam, Ariyalur District 621804",11.186130000000000,79.293087000000000,./0.png
78.7423136,10.67674975,"296",,"University College of Engineering, Tiruchirappalli, (Bharathidasan Instituteof Technology), Tiruchirappalli District 620024",10.676749750000001,78.742313600000003,./0.png
80.21989,13.028567,"297","1309","Meenakshi Sundararajan Engineering College(Autonomous),
Kodambakkam, Chennai 600024",13.028567000000001,80.219890000000007,./0.png
80.2353855,12.8727912,"298",,"University Departments of Anna University, Chennai - ACT Campus, SardarPatel Road, Guindy, Chennai 600 025",12.872791200000000,80.235385500000007,./0.png
80.2353855,12.8727912,"299",,"University Departments of Anna University, Chennai - CEG Campus, SardarPatel Road, Guindy, Chennai 600 025",12.872791200000000,80.235385500000007,./0.png
77.85337242,9.525535551,"300","4960","Mepco Schlenk Engineering College (Autonomous),  Sivakasi, Virudhunagar
District 626005",9.525535551000001,77.853372419999999,./0.png
80.245272,12.946012,"301","1310","Misrimal Navajee Munoth Jain Engineering College, Rajiv Gandhi Salai
(OMR), Thorappakkam, Chennai 600096",12.946012000000000,80.245272000000000,./0.png
78.127662,8.78983,"302",,"University Departments of Anna University, Chennai - MIT Campus,Chrompet, Tambaram Taluk, Chengalpattu District 600 044",8.789830000000000,78.127662000000001,./0.png
80.259193,13.053748,"303","1147","MMES Academy of Architecture, C.Abdul Hakeem College Campus, Hakeem
Nagar, Melvisharam, Ranipet District 632509",13.053748000000001,80.259192999999996,./0.png
78.11879287,11.62459837,"304",,"V S A Group of Institutions, NH-47, Uthamasola Puram Post, Salem District636010",11.624598369999999,78.118792869999993,./0.png
77.858162,8.371201,"305",,"V V College of Engineering, Arasoor Village, Idaichivilai Post, SanthakulamTaluk, Thoothukudi District 628656",8.371200999999999,77.858161999999993,./0.png
80.218602,12.835692,"306","5907","Mohamed Sathak Engineering College, Kilakarai, Ramanathapuram District
623806",12.835692000000000,80.218602000000004,./0.png
80.1324104,12.9334577,"307",,"Vel Tech High Tech Dr. Rangarajan Dr. Sakunthala Engineering College(Autonomous), Avadi-Alamathi Road, Chennai 600 062",12.933457700000000,80.132410399999998,./0.png
80.1324104,12.9334577,"308",,"Vel Tech Multi Tech Dr. Rangarajan Dr. Sakunthala Engineering College(Autonomous), Avadi-Alamathi Road, Chennai 600 062",12.933457700000000,80.132410399999998,./0.png
79.050506,10.645455,"309","3812","Mookambigai College of Engineering, Keeranur, Pudukkottai District
622502",10.645455000000000,79.050505999999999,./0.png
78.15919436,10.00300861,"310",,"Velammal College of Engineering and Technology, Madurai District 625009",10.003008610000000,78.159194360000001,./0.png
77.4290492,8.1880471,"311",,"Vins Christian College of Engineering, Chunkankadai Post, Nagercoil,Kanyakumari District 629807",8.188047100000000,77.429049199999994,./0.png
77.0290732,10.9799326,"312",,"Vishnu Lakshmi College of Engineering and Technology, Vellalore Post, Coimbatore District 641111",10.979932600000000,77.029073199999999,./0.png
77.9301817,11.3679012,"313",,"Vivekanandha College of Engineering for Women (Autonomous),Sathinaickenpalayam, Elayampalayam Village, Kumaramangalam, Namakkal District 637205",11.367901200000000,77.930181700000006,./0.png
78.02732,10.89294,"314","2327","N S N College of Engineering and Technology, Karur-Madurai NH7,
Manalmedu, Karur District 639003",10.892939999999999,78.027320000000003,./0.png
79.15939431,12.9709447,"315",,"Sri Vignesh college of Engineering and Technology -Trichy - Chennai TrunkRoad, (Near No.1 Tollgate), Koothur, Trichy -621216",12.970944700000000,79.159394309999996,./0.png
77.00284246,11.0246833,"316","2752","Nandha College of Technology, Pitchandampalayam Post, Erode District
638052",11.024683300000000,77.002842459999997,./0.png
77.406113,11.54538,"317","2715","Nandha Engineering College (Autonomous), Pitchandampalayam Post,
Erode District 638052",11.545380000000000,77.406113000000005,./0.png
77.834837,9.147855,"318","4962","National Engineering College (Autonomous), Kovilpatti, Thoothukudi
District 628503",9.147855000000000,77.834836999999993,./0.png
76.97564,10.97764,"319","2729","Nehru Institute of Engineering and Technology, Thirumalayampalayam
Post, Coimbatore District 641105",10.977639999999999,76.975639999999999,./0.png
76.97564,10.97764,"320","2365","Nehru School of Architecture, No.451-D,Palakkad Main
Road,Kuniamuthur,Coimbatore District 641008",10.977639999999999,76.975639999999999,./0.png
77.612151,8.781923,"321","4961","Nellai College of Engineering (Formerly National College of Engineering),
Maruthakulam Post, Tirunelveli District 627151",8.781923000000003,77.612150999999997,./0.png
80.162749,13.086088,"322","1431","New Prince Shri Bhavani College of Engineering and Technology,
Vengaivasal Main Road, Gowrivakkam, Chennai 600073",13.086088000000000,80.162749000000005,./0.png
78.528657,11.066016,"323","3782","OASYS Institute of Technology , Pulivalam Village, Musiri Taluk,
Tiruchirappalli District 621006",11.066015999999999,78.528656999999995,./0.png
78.65300117,10.78841371,"324","3813","Oxford Engineering College,Karumandapam,Pirattiyur,Trichy-620 009",10.788413710000000,78.653001169999996,./0.png
77.014908,10.652848,"325","2741","P A College of Engineering and Technology (Autonomous), Palladam Road, Pollachi, Coimbatore District 642002",10.652848000000001,77.014908000000005,./0.png
77.900663,10.416477,"326","5910","P S N A Colllege of Engineering and Technology, Dindigul District 624622",10.416477000000000,77.900662999999994,./0.png
77.873806,9.444821,"327","4965","P S R Engineering College (Autonomous), Appayanaickenpatti, Sevalpatty,
Virudhunagar District 626140",9.444820999999999,77.873806000000002,./0.png
78.302358,12.535013,"328","2642","P S V College of Engineeering and Technology, Mittapalli, Balinayanapalli
Post, Elathagiri, Krishnagiri District 635108",12.535012999999999,78.302357999999998,./0.png
79.604375,12.507127,"329","1226","P T Lee Chengalvaraya Naicker College of Engineering and Technology,
Oovery, Veliyur Post, Kancheepuram District 631 502",12.507127000000001,79.604375000000005,./0.png
78.302358,12.535013,"330","5911","P T R College of Engineering and Technology, Thanapandiyan Nagar,
Austinpatty Post, Madurai District 625008",12.535012999999999,78.302357999999998,./0.png
78.144014,11.310574,"331","2628","Paavai College of Engineering, NH-7, Pachal Post, Namakkal District 637018",11.310574000000001,78.144013999999999,./0.png
78.1606289,11.3989494,"332","2611","Paavai Engineering College (Autonomous) , NH-7, Pachal Post, Namakkal
District 637018",11.398949399999999,78.160628900000006,./0.png
79.604375,12.507127,"333","1209","Pallavan College of Engineering, Thimmasamudram, Kancheepuram District
631502",12.507127000000001,79.604375000000005,./0.png
78.34565027,9.849194804,"334","5912","Pandian Saraswathi Yadav Engineering College, Thirumansolai Post,
Sivagangai District 630 561",9.849194804000000,78.345650269999993,./0.png
80.162039,13.060438,"335","1210","Panimalar Engineering College (Autonomous), Nazarethpet, Poonamallee, Chennai 600123",13.060438000000000,80.162038999999993,./0.png
80.162749,13.086088,"336","1530","Papni School of Architecture, 302/1, Keeranallur Village, Sriperumbudhur
Taluk, Kancheepuram District, Chennai 602108",13.086088000000000,80.162749000000005,./0.png
79.137774,10.727788,"337","3833","Parisutham Institute of Technology and Science, Ring Road, Nanjikottai,
Thanjavur District 613006",10.727788000000000,79.137773999999993,./0.png
77.155925,11.095628,"338","2372","Park Institute of Architecture AVINASHI ROAD,NH47,KANIYUR,
COIMBATORE,641659",11.095628000000000,77.155924999999996,./0.png
78.528657,11.066016,"339","3815","Pavendar Bharathidasan College of Engineering and Technology,
Pudukkottai Main Road, Tiruchirappalli District 622515",11.066015999999999,78.528656999999995,./0.png
80.116933,12.925197,"340","1452","PERI Institute of Technology, Mannivakkam, West Tambaram, Chennai
600048",12.925197000000001,80.116933000000003,./0.png
77.637064,8.368253,"341","4966","PET Engineering College, Vallioor Post, Tirunelveli District 627117",8.368252999999999,77.637063999999995,./0.png
76.97564,10.97764,"342","2354","Pollachi Institute of Engineering and Technology, Main Road, Poosaripatti,
Pollachi Taluk, Coimbatore District 642205",10.977639999999999,76.975639999999999,./0.png
80.19610091,12.75218945,"343","4981","Ponjesly College of Engineering, Vettornimadam Post, Nagercoil,
Kanyakumari District 629003",12.752189449999999,80.196100909999998,./0.png
76.997336,11.053672,"344","2753","PPG Institute of Technology, Vilankurichi Village, Coimbatore District
641035",11.053672000000001,76.997336000000004,./0.png
80.107034,13.312609,"345","1110","Prathyusha Engineering college (Autonomous) , Aranvoyalkuppam,
Thiruvallur District 602025",13.312609000000000,80.107033999999999,./0.png
78.793742,11.013129,"346","3467","Prime Nest College of Architecture and Planning,V.J.P.Campus,Trichy- Chennai Highway, Navaladiyan Nagar, Siruganur, Tiruchirappalli District
621105",11.013128999999999,78.793741999999995,./0.png
80.162749,13.086088,"347","1442","Prince Dr. K Vasudevan College of Engineering and Technology,
Medavakkam-Mambakkam Road, Ponmar, Chennai 600127",13.086088000000000,80.162749000000005,./0.png
78.606148,12.652175,"348","1510","Priyadarshini Engineering College, Vaniyambadi Post, Thiruppattur District
635751",12.652175000000000,78.606148000000005,./0.png
77.00284246,11.0246833,"349","2006","PSG College of Technology (Autonomous), Peelamedu, Coimbatore District
641004",11.024683300000000,77.002842459999997,./0.png
77.094193,11.068627,"350","2377","PSG Institute of Technology and Applied Research(Autonomous), Avinashi
Road, Neelambur, Coimbatore 641062",11.068626999999999,77.094193000000004,./0.png
77.63879227,8.642186874,"351","4964","PSN College of Engineering and Technology (Autonomous),Melathediyoor,
Tirunelveli-627 152",8.642186874000000,77.638792269999996,./0.png
77.641352,8.639586,"352","4989","PSN Engineering College, Melathediyoor, Tirunelveli District 627152",8.639586000000000,77.641351999999998,./0.png
77.63921079,8.642119034,"353","4949","PSN Institute of Technology and Science,Melathediyoor, Tirunelveli-627
152",8.642119034000000,77.639210790000007,./0.png
78.302358,12.535013,"354","2731","R V S College of Engineering and Technology, Kannampalayam, Sulur, Coimbatore District 641402",12.535012999999999,78.302357999999998,./0.png
77.82773,10.400544,"355","5913","R V S College of Engineering, N Paraipatti Post, Dindigul District 624005",10.400544000000000,77.827730000000003,./0.png
77.82773,10.400544,"356","5862","R V S Educational Trusts Groups of Institutions (Integrated Campus), N Paraipatti Post, Vedasandur Taluk, Dindigul District 624005",10.400544000000000,77.827730000000003,./0.png
80.050851,13.438724,"357","1144","R V S Padmavathy School of Architecture, Senthil Pakkam Village, Roshanagaram  Post, Madarapakkam Via, Gummidipoondi Taluk, Thiruvallur District 601202",13.438724000000001,80.050850999999994,./0.png
77.1258565,11.0268912,"358","2776","R V S Technical Campus-Coimbatore, Kumaran Kottam Campus,
Kannampalayam, Sulur, Coimbatore District 641 402",11.026891200000000,77.125856499999998,./0.png
79.9225625,12.46238725,"359","1444","R.M. Engineering College Zamin Endathur, Madurantakam (TK),
Chengalpattu Dt-603311",12.462387250000001,79.922562499999998,./0.png
76.97564,10.97764,"360","2778","R.V.S. School of Architecture (CBE), Kumaran Kottam Campus, Trichy Road,
Kannampalayam Post, Coimbatore District 641402",10.977639999999999,76.975639999999999,./0.png
80.00352399,13.0084895,"361","1211","Rajalakshmi Engineering College (Autonomous), Thandalam, Sriperumpudur Taluk, Kancheepuram District 602105",13.008489500000000,80.003523990000005,./0.png
80.202165,13.0064,"362","1432","Rajalakshmi Institute of Technology, Irulapalayam, Kuthampakkam Post, Kancheepuram District, Chennai 600124",13.006399999999999,80.202164999999994,./0.png
77.836258,11.36378,"363","2779","Ranganathan Architecture College, REC Kalvi Nagar, Viraliyur Post,
Thondamuthur Via, Coimbatore District 641109",11.363780000000000,77.836258000000001,./0.png
76.978606,11.045692,"364","2376","Rathinam School of Architecture and Design at Tips Global, Rathinam
Techzone campus, Pollachi Road, Eachanari, Coimbatore - 641021",11.045692000000001,76.978605999999999,./0.png
77.006863,10.660096,"365","2329","Rathinam Technical Campus, Pollachi Road, Eachanari, Coimbatore District
641021",10.660095999999999,77.006862999999996,./0.png
77.524654,8.150515,"366","4670","Rohini College of Engineering & Technology, Anjugramam-Kanyakumari
Main Road, Palkulam, Variyoor Post, Kanyakumari District 629401",8.150515000000000,77.524653999999998,./0.png
79.996275,12.877811,"367","1437","Rrase College of Engineering, Padappai, Kancheepuram 601301",12.877810999999999,79.996274999999997,./0.png
80.162749,13.086088,"368","1114","S A Engineering College (Autonomous), Thiruverkadu, Chennai 600077",13.086088000000000,80.162749000000005,./0.png
78.122698,11.745888,"369","2659","Salem College of Engineering and Technology, Salem-Attur Main Road, NH-
68, Mettupatty Perumapalayam, Salem District 636111",11.745888000000001,78.122698000000000,./0.png
80.107034,13.312609,"370","1124","SAMS College of Engineering and Technology, Panappakkam, Chennai-
Tirupathi Road, Uthukkottai Taluk, Thiruvallur District 601102",13.312609000000000,80.107033999999999,./0.png
76.849645,10.858822,"371","2348","San Academy of Architecture, ACC Pirivu,Navakarai Post,Walayar, Coimbatore District 641105",10.858822000000000,76.849644999999995,./0.png
78.740999,10.927673,"372","3819","Saranathan College of  Engineering, Panjappur, Tiruchirappalli District
620012",10.927673000000000,78.740999000000002,./0.png
77.54091476,8.235882093,"373","4943","Satyam College of Engineering and Technology,Satyam
Nagar,Aralvoimozhi,Kanyakumari-629301",8.235882093000003,77.540914760000007,./0.png
80.016259,13.026104,"374","1216","Saveetha Engineering College (Autonomous), Thandalam, Sriperumpudur
Taluk, Kancheepuram District 602105",13.026104000000000,80.016259000000005,./0.png
77.82773,10.400544,"375","5930","SBM College of Engineering and Technology, Thamaraipady, T N Paraipatti
Pirivu, Dindigul District 624005",10.400544000000000,77.827730000000003,./0.png
80.239932,13.007981,"376","3","School of Architecture and Planning, Anna University,Chennai 600025",13.007980999999999,80.239931999999996,./0.png
76.77152592,10.99623058,"377","2364","School of Architecture Coimbatore Institute of Engineering and Technology,
Vellimalai Pattinam, Narasipuram Post, Thondamuture Via, Coimbatore-
641109",10.996230580000001,76.771525920000002,./0.png
77.00284246,11.0246833,"378","2627","Selvam College of Technology, Pappanaickenpatti Post, Namakkal District
637003",11.024683300000000,77.002842459999997,./0.png
77.550342,11.313733,"379","2617","Sengunthar Engineering College  (Autonomous), Tiruchengode, Namakkal
District 637205",11.313732999999999,77.550342000000001,./0.png
78.10087335,9.705308771,"380","4917","Sethu Institute of Technology (Autonomous), Kariapatti Post, Virudhunagar
District 626115",9.705308771000000,78.100873350000001,./0.png
78.753758,10.270918,"381","3918","Shanmuganathan Engineering College, Pillivalam Post, Pudukkottai District
622507",10.270918000000000,78.753758000000005,./0.png
78.69651,10.8155,"382","3844","Shivani Engineering College, Trichy-Dindigul NH Road, Poolangulathupatti,
Tiruchirappalli - 620009",10.815500000000000,78.696510000000004,./0.png
78.377747,12.038357,"383","2683","Shreenivasa Engineering College, B Pallipatti, Bommidi, Pappireddipatti
Taluk, Dharmapuri District 635301",12.038357000000000,78.377746999999999,./0.png
78.198421,9.925611,"384","5914","Solamalai College of Engineering, Veerapanjan, Madurai District 625020",9.925611000000000,78.198420999999996,./0.png
76.912142,11.056538,"385","2673","Sree Sakthi Engineering College, Bettathapuram, Bilichi Village, Karamadai, Coimbatore District 641104",11.056538000000000,76.912142000000003,./0.png
78.098796,9.464321,"386","4970","Sree Sowdambika College of Engineering, Aruppukkottai Taluk,
Virudhunagar District 626134",9.464321000000000,78.098795999999993,./0.png
78.153651,11.133506,"387","2767","SRG Engineering College, Aniyapuram Post, Namakkal District 637017",11.133506000000001,78.153650999999996,./0.png
76.97564,10.97764,"388","2739","Sri Eshwar College of Engineering (Autonomous), Kondampatti Post,
Vadasithur (Via), Kinathukadavu, Coimbatore District 641202",10.977639999999999,76.975639999999999,./0.png
79.645217,13.235031,"389","1526","Sri Krishna College of Engineering, Tiruttani High Road, Arakkonam, Ranipet
District 631003",13.235030999999999,79.645217000000002,./0.png
76.9564045,10.9371249,"390","1427","Sri Krishna Engineering College, Panappakkam, Padappai, Chennai 601301",10.937124900000001,76.956404500000005,./0.png
79.991616,13.117682,"391","1115","Sri Ram Engineering College, Perumalpattu, Veppampattu (R S), Thiruvallur
District 602 024",13.117682000000000,79.991615999999993,./0.png
78.911218,11.25603,"392","3454","Sri Ramakrishna College of Engineering, Sri Saradha Nagar, NH-45,
Perambalur District 621113",11.256030000000001,78.911218000000005,./0.png
76.9657051,11.1022191,"393","2719","Sri Ramakrishna Engineering College (Autonomous), Vattamalaipalayam, Coimbatore District 641022",11.102219099999999,76.965705099999994,./0.png
76.900653,10.941128,"394","2725","Sri Ramakrishna Institute of Technology (Autonomous), Pachapalayam, Coimbatore District 641010",10.941128000000001,76.900653000000005,./0.png
79.973316,12.864121,"395","1426","Sri Ramanujar Engineering College, Vandalur, Kolappakkam, Chennai
600127",12.864121000000001,79.973315999999997,./0.png
76.97564,10.97764,"396","2342","Sri Ranganathar Institute of Engineering and Technology, Thudialur-
Kovilpalay Road, Coimbatore District 641110",10.977639999999999,76.975639999999999,./0.png
80.116933,12.925197,"397","1419","Sri Sai Ram Enginering College (Autonomous), West Tambaram, Chennai
600044",12.925197000000001,80.116933000000003,./0.png
77.88046789,11.43646441,"398","2302","Sri Shanmugha College of Engineering and Technology, Morur Bit II Village, Salem District 637304",11.436464409999999,77.880467890000006,./0.png
80.201463,12.74032,"399","1315","Sri Sivasubramaniya Nadar College of Engineering (Autonomous),
Kalavakkam, Old Mahabalipuram Road (OMR), Chengalpattu District
603110",12.740320000000001,80.201463000000004,./0.png
79.586869,12.893646,"400","1219","Sri Venkateswara College of Engineering (Autonomous), Post Bag No.1,
Chennai-Bengaluru High Road, Pennalur, Irungattukottai S.O., Sriperumbudur Taluk, Kancheepuram District 602105",12.893646000000000,79.586868999999993,./0.png
79.93252012,12.90547461,"401","1413","Sri Venkateswaraa College of Technology (Autonomous), BHB Nagar,
Vadakal Village, Oragadam Post, Sriperumbudur Taluk, Kanchipuram
District 602118",12.905474610000001,79.932520120000007,./0.png
77.9537,9.58224,"402","4996","Sri Vidya College of Engineering and Technology, Sivakasi Main Road, P
Kumaralinapuram, Virudhunagar District 626005",9.582240000000001,77.953699999999998,./0.png
78.528657,11.066016,"403","3795","SRM TRP Engineering College, Irungalur, Manachanallur Taluk,
Tiruchirappalli District 621105",11.066015999999999,78.528656999999995,./0.png
80.180594,13.136791,"404","1317","St. Josephs College of Engineering (Autonomous), Old Mahabalipuram
Road (OMR), Chennai 119",13.136791000000001,80.180593999999999,./0.png
80.162749,13.086088,"405","1149","St. Josephs Institute of Technology (Autonomous), Jeppiaar Nagar, Old
Mahabalipuram Road (OMR), Chennai 600119",13.086088000000000,80.162749000000005,./0.png
80.12259964,12.98837753,"406","1243",St. Lourdes Engineering College,12.988377529999999,80.122599640000004,./0.png
78.014289,8.736906,"407","4933","St. Mother Theresa Engineering College, Vagaikulam, Thoothukudi District
628102",8.736905999999999,78.014289000000005,./0.png
80.162749,13.086088,"408","1127","St. Peters College of Engineering and Technology, College Road, Avadi,
Chennai 600 054",13.086088000000000,80.162749000000005,./0.png
77.4290492,8.1880471,"409","4971","St. Xavier s Catholic College Of Engineering (Autonomous) , Chunkankadai,
Nagercoil, Kanyakumari District-629003",8.188047100000000,77.429049199999994,./0.png
79.169533,10.778895,"410","3766","Star Lion College of Engineering and Technology, Manankorai Main Road,
Manankorai Village, Thanjavur District 614206",10.778895000000000,79.169533000000001,./0.png
77.090549,11.062196,"411","2770","Studyworld College of Engineering, Madukarai Post, Coimbatore - 641 105.",11.062196000000000,77.090548999999996,./0.png
78.753758,10.270918,"412","3920","Sudharsan Engineering College, Sathiyamangalam Post, Pudukkottai District
622501",10.270918000000000,78.753758000000005,./0.png
76.97564,10.97764,"413","2360","Suguna College of Engineering, Kalappatti Road, Civil Aerodrome Post, Coimbatore District 641014",10.977639999999999,76.975639999999999,./0.png
77.604,11.272179,"414","2748","Surya Engineering College, Mettukadai, Kathirampatti Post, Erode District
638107",11.272179000000000,77.603999999999999,./0.png
79.554336,11.849266,"415","1434","Surya Group of Institutions, GST Road, Vikravandi Village, Villupuram
District 605652",11.849266000000000,79.554336000000006,./0.png
79.364201,10.779132,"416","5921","Syed Ammal Engineering College, Achuthan Vayal Post, Ramanathapuram
District 623502",10.779132000000001,79.364200999999994,./0.png
80.202165,13.0064,"417","1318","T.J Institute of Technology, Karapakkam, Chennai - 600097",13.006399999999999,80.202164999999994,./0.png
80.23486565,13.0110983,"418","1420","Tagore Engineering College, Rathnamangalam, Vandalur Post, Chennai
600048",13.011098300000000,80.234865650000003,./0.png
78.122698,11.745888,"419","2646","Tagore Institute of Engineering and Technology, Deviyakurichi, Attur Taluk,
Salem District 636112",11.745888000000001,78.122698000000000,./0.png
80.23486565,13.0110983,"420","1319","Thangavelu Engineering College, Karappakkam, Chennai 600097",13.011098300000000,80.234865650000003,./0.png
78.060557,11.648121,"421","2625","The Kavery Engineering College, M Kalipatti Post, Mecheri, Salem District
634456",11.648121000000000,78.060557000000003,./0.png
77.434253,9.886617,"422","5988","Theni Kammavar Sangam College of Technology, Theni Main Road,
Koduvillarpatti Post, Theni District 625534",9.886616999999999,77.434252999999998,./0.png
79.52050345,12.50028567,"423","1518","Thiruvalluvar College of Engineering and Technology, Vandavasi,
Thiruvannamalai District 505",12.500285670000000,79.520503450000007,./0.png
77.193774,11.156733,"424","2684","TIPS School of Architecture, SF 361/1A, Karuvalur Road, MGC Palayam, S.S. Kulam Post, Coimbatore 641 107",11.156732999999999,77.193774000000005,./0.png
77.550342,11.313733,"425","3822",Tittagudi Sengunthar Engineering College,11.313732999999999,77.550342000000001,./0.png
78.77642864,10.9830296,"426","3820","Trichy Engineering College, Konalai, Tiruchirappalli District 621132",10.983029600000000,78.776428640000006,./0.png
78.130261,9.936326,"427","5942","Ultra College of Engineering and Technology, Kodikulam, 1 Bit Village, Madurai-Chennai Highway, Madurai District 625104",9.936325999999999,78.130261000000004,./0.png
76.923062,11.170308,"428","2761","United Institute of Technology, Periyanaickenpalayam, Coimbatore District
641020",11.170308000000000,76.923062000000002,./0.png
77.60528,8.38923,"429","4675","Universal College of Engineering and Technology, Anbagam Campus,
Radhapuram Road, Vallioor, Tirunelveli District 627117",8.389230000000000,77.605279999999993,./0.png
79.275767,12.576807,"430","1015","University College of Engineering, Arni, Arni to Devikapuram Road,
Thatchur, Arni, Thiruvannamalai District 632326",12.576807000000001,79.275767000000002,./0.png
77.82773,10.400544,"431","5022","University College of Engineering, Dindigul, Mangarai Pirivu,
Reddiyarchathiram, Dindigul District 624622",10.400544000000000,77.827730000000003,./0.png
80.162362,13.061279,"432","1026","University College of Engineering, Kancheepuram, Ponnerikarai Campus,
NH4, Chennai-Bangalore Highway, Karaipettai Village & Post, Kancheepuram District 631552",13.061279000000001,80.162362000000002,./0.png
77.566485,9.393132,"433","4023","University College of Engineering, Nagercoil, Nagercoil Industrial Estate, Konam, Kanyakumari District 629004",9.393132000000000,77.566485000000000,./0.png
79.55355,11.769573,"434","3019","University College of Engineering, Panruti, Chennai-Kumbakonam Highway,
Panikkankuppam, Panruti, Cuddalore District 607106",11.769572999999999,79.553550000000001,./0.png
79.169533,10.778895,"435","3021","University College of Engineering, Pattukkottai, ECR Road, Rajamadam,
Pattukkottai Taluk, Thanjavur District 614701",10.778895000000000,79.169533000000001,./0.png
78.585619,9.349827,"436","5017","University College of Engineering, Ramanathapuram, Pullangudi,
Ramanathapuram District 623513",9.349826999999999,78.585618999999994,./0.png
79.71810535,10.63792936,"437","3018","University College of Engineering, Thirukkuvalai, Nagappattinam District
610204",10.637929359999999,79.718105350000002,./0.png
79.51214093,11.9506837,"438","1013","University College of Engineering, Villupuram, Kakuppam, Villupuram
District 605103",11.950683700000001,79.512140930000001,./0.png
78.1289,8.78958,"439","4024","University V.O.C. College of Engineering, Thoothukudi, Near V.O.C. College,
Millerpuram, Thoothukudi District 628008",8.789580000000003,78.128900000000002,./0.png
78.1452745,8.8052602,"440","4941","Unnamalai Institute of Technology, Ayyaneri, Kovilpatti, Thoothukudi
District 628502",8.805260199999999,78.145274499999999,./0.png
78.302358,12.535013,"441","1421","V R S College of Engineering and Technology, Arasur, Villupuram District
607107",12.535012999999999,78.302357999999998,./0.png
78.302358,12.535013,"442","2357","V S B College of Engineering Technical Campus (Autonomous), Ealur Pirivu,
Solavampalayam Post, Coimbatore District 642109",12.535012999999999,78.302357999999998,./0.png
78.034605,10.931153,"443","2622","V S B Engineering College (Autonomous), Kovai Road, Karur District 639111",10.931153000000000,78.034604999999999,./0.png
78.198421,9.925611,"444","5532","Vaigai College of Engineering, Therkutheru, Melur Taluk, Madurai District
625122",9.925611000000000,78.198420999999996,./0.png
79.410071,11.0141,"445","3848","Vandayar Engineering College, Pulavarnatham Post, Mariamman Koil (Via),
Thanjavur District 613001",11.014099999999999,79.410071000000002,./0.png
78.1706,12.178764,"446","2641","Varuvan Vadivelan Institute of Technology, Nallanahalli, Dharmapuri
District 636701",12.178763999999999,78.170599999999993,./0.png
77.545821,10.597814,"447","5851","Veerammal Engineering College, PVP Nagar, K.Singrakottai, Dindigul-
624708",10.597814000000000,77.545821000000004,./0.png
77.406113,11.54538,"448","2723","Velalar College of Engineering and Technology (Autonomous), Thindal Post,
Erode District 638012",11.545380000000000,77.406113000000005,./0.png
80.162749,13.086088,"449","1120","Velammal Engineering College (Autonomous), Ambattur-Redhills Road,
Chennai 600066",13.086088000000000,80.162749000000005,./0.png
79.900527,13.143223,"450","1237","Velammal Institute of Technology, Chennai-Kolkatta Highway, Panchetti
Village, Ponneri Taluk, Thiruvallur District 601204",13.143223000000001,79.900526999999997,./0.png
77.8949223,11.3786608,"451","2633","Vidyaa Vikas College of Engineering and Technology, Varahoorampatti,
Tiruchengode, Namakkal District 637 214",11.378660800000000,77.894922300000005,./0.png
80.23486565,13.0110983,"452","1203",Madras Engineering College,13.011098300000000,80.234865650000003,./0.png
80.162749,13.086088,"453","1339","Mahalakshmi Tech Campus No.1, Bharathiar Street Prashanthi Nagar,
Chromepet ,Chennai 60004",13.086088000000000,80.162749000000005,./0.png
77.58475307,11.21183853,"454","2777",Hindusthan College Of Engineering,11.211838530000000,77.584753070000005,./0.png
77.00284246,11.0246833,"455","5545",G.T.N. College Of Technology,11.024683300000000,77.002842459999997,./0.png
